<?xml version="1.0" encoding="UTF-8"?>
<beans xmlns="http://www.springframework.org/schema/beans"
    xmlns:mvc="http://www.springframework.org/schema/mvc"
    xmlns:xsi="http://www.w3.org/2001/XMLSchema-instance"
    xmlns:context="http://www.springframework.org/schema/context"
    xmlns:tx="http://www.springframework.org/schema/tx"
    xsi:schemaLocation="
        http://www.springframework.org/schema/beans
        http://www.springframework.org/schema/beans/spring-beans.xsd
        http://www.springframework.org/schema/context
	http://www.springframework.org/schema/context/spring-context.xsd
	http://www.springframework.org/schema/tx
	http://www.springframework.org/schema/tx/spring-tx.xsd
        http://www.springframework.org/schema/mvc
        http://www.springframework.org/schema/mvc/spring-mvc.xsd">
	<!-- Loading of annotated classes/beans -->
	
	<mvc:annotation-driven />
   <mvc:resources mapping="/resourses/**" location="/"/>
	
	<context:component-scan
		base-package="com.lti.model, com.lti.controller, com.lti.repository, com.lti.service" />



	<bean id="dataSource" class="org.apache.commons.dbcp2.BasicDataSource"
		destroy-method="close">
		<property name="driverClassName" value="oracle.jdbc.driver.OracleDriver" />
		<property name="url" value="jdbc:oracle:thin:@192.168.100.67:1521" />
		<property name="username" value="hr" />
		<property name="password" value="hr" />
	</bean>

	<!-- JPA config -->
	<!-- This will help us to create entitymanager and entitymanager objects.Also 
		there no need for seperate meta-inf/persistence.xml -->

	<bean id="myEmf"
		class="org.springframework.orm.jpa.LocalContainerEntityManagerFactoryBean">
		<property name="dataSource" ref="dataSource" />
		<property name="packagesToScan"
			value="com.lti.model" />
		<!-- Entity Classes -->
		<property name="jpaVendorAdapter">
			<bean class="org.springframework.orm.jpa.vendor.HibernateJpaVendorAdapter" />
		</property>
		<property name="jpaProperties">
			<props>
				<!-- <prop key="hibernate.hbm2ddl.auto">create-drop</prop> -->
				<prop key="hibernate.show_sql">true</prop>
				<!--<prop key="hibernate.dialect">org.hibernate.dialect.MySQL5Dialect</prop> -->
			</props>
		</property>
	</bean>
	<!-- providing support for transaction mangement -->
	<bean id="transactionManager" class="org.springframework.orm.jpa.JpaTransactionManager">
		<property name="entityManagerFactory" ref="myEmf" />
	</bean>

	<!-- email Services -->
	<bean id="mailSender" class="org.springframework.mail.javamail.JavaMailSenderImpl">
		<property name="host" value="smtp.office365.com" />
		<property name="port" value="587" />
		<property name="username" value="gourav.mazumdar@lntinfotech.com" />
		<property name="password" value="Fedora9693011678" />
		<property name="javaMailProperties">
			<props>
				<prop key="mail.transport.protocol">smtp</prop>
				<prop key="mail.smtp.auth">true</prop>
				<prop key="mail.smtp.starttls.enable">true</prop>
				<prop key="mail.debug">true</prop>
				<prop key="mail.smtp.connecttimeout">50000</prop>
				<prop key="mail.smtp.timeout">30000</prop>
				<prop key="mail.smtp.writetimeout">50000</prop>
			</props>
		</property>
	</bean>

	<bean id="preConfiguredMessage" class="org.springframework.mail.SimpleMailMessage">
		<property name="from" value="gourav.mazumdar@lntinfotech.com"></property>

	</bean>
	<!-- Enabling support for File Upload in Spring MVC -->
	<bean id="multipartResolver"
		class="org.springframework.web.multipart.commons.CommonsMultipartResolver">
		<property name="maxUploadSizePerFile" value="52428800" />
	</bean>
	<tx:annotation-driven />
</beans>  